article_content,datetime,views,likes,links
"
【特朗普喊冤：烏克蘭总统本人都给我澄清了 这还不够吗】26日，美众院情报委员会公开举报特朗普试图“利用外国势力打击竞选对手”的匿名信。#特朗普被举报# 特朗普怒不可遏，称民主黨人想毀了共和黨，“美国危险了”！他说，烏克蘭总统都說了我沒向他施压做错事，难道这不是比（举报信）更好的证词吗？ ​
",9月27日 10:24,14,56,https://weibo.com/1893801487/I8QnY93zW?ref=feedsdk
"
【中国外长王毅：中美互释善意 中国愿进口更多美国产品】【视频】中美贸易摩擦似乎又见缓和的迹象。中国外长王毅表示，中国願意购买更多美国产品，如果双方在言行上能更加積極，贸易谈判将能取得进展。http://t.cn/AinH4Ag9 ​
",9月27日 09:59,1,0,https://weibo.com/3701555977/I8QdWqhkV?ref=feedsdk
"
【法国前总统希拉剋逝世 馬克龙表示哀悼】【视频】法国前总统希拉剋逝世，享年86岁。现任总统馬克龙宣佈，下星期一为全国哀悼日。#法国前总统希拉剋去世#  http://t.cn/AinHwnQH ​
",9月27日 09:44,0,0,https://weibo.com/3701555977/I8Q7VxYLE?ref=feedsdk
"
【无惧美国制裁 埃尔多安说要继续与伊朗进行能源贸易】路透社27日援引NTV消息，土耳其总统埃尔多安当天表示，土耳其並不担心美国的制裁，将不会停止从伊朗购买石油和天然气，两国间的贸易会继续。 ​
",9月27日 09:28,8,46,https://weibo.com/1893801487/I8Q167fTN?ref=feedsdk
"
【 特朗普：或採取法律行动 停止通乌门调查】美国总统特朗普抨击民主黨对他展开弹劾调查，并指可能会採取法律行动，停止“通乌门”的调查工作。http://t.cn/AinTeXp3 ​
",9月27日 09:13,0,1,https://weibo.com/3701555977/I8PVh07sk?ref=feedsdk
"
【印尼示威演变警民衝突 佐科考虑撤销肃贪新法】印度尼西亚总统佐科表示，考虑撤销削弱肃贪委员会权力的新法，以缓解當地近期爆發的反政府示威浪潮。http://t.cn/AinT1uid ​
",9月27日 09:00,2,2,https://weibo.com/3701555977/I8PQ4ARUa?ref=feedsdk
"
#小微早知道# ①法国前总统希拉剋26日去世，法国官方宣佈，将在9月30日举行全国哀悼；②美媒披露称，美乌领导人“电话门”事件举报人是一名中情局（CIA）官员；③美国总统特朗普發佈簽證禁令，禁止伊朗高级政府官员及其亲属，入境美国旅遊、学习或者是工作。 ​
",9月27日 08:51,7,103,https://weibo.com/1893801487/I8PMiiNqm?ref=feedsdk
"
#截图试试国庆假期你会去哪玩#【截个图试试，国庆假期，你会去哪儿玩？[doge]】今天是#世界旅遊日#，也是美好的週五[喵喵]此刻的你是不是一心想为祖国庆生~据预计，2019年国庆的旅遊人次有望达到8亿，人山人海中，哪裏纔是最適合你的目的地？截图试试↓ @新浪图解天下 ​
",9月27日 08:20,67,256,https://weibo.com/1618051664/I8PzsdKFl?ref=feedsdk
